value1,value2,value3,value4,value5,value6,value7,value8,value9,value10,result
49.66186124,59.13528311,53.47604328,37.0132342,56.48706191,46.31967285,48.17960088,53.20181925,41.63044322,47.43184844,6.360613394487562
44.5323907,41.79590304,36.87676452,55.70213388,45.67683062,53.138382,56.75595402,39.98807769,54.42831833,48.55590431,6.687334857024687
52.22610197,61.26934421,30.0007572,48.17008529,46.14285571,75.84965841,40.01227025,50.27541773,39.25625277,44.52345492,12.03553481124622
33.4861228,36.09841896,42.08168902,51.45605554,46.07894097,43.71341346,43.58200284,43.24918463,52.24515588,45.56562216,5.5428205962640105
61.30144938,47.60287892,49.68059683,46.78598215,31.56768015,55.43093392,52.31036665,65.32512215,42.86435468,59.75510375,9.399389664043788
