Value 1,Value 2,Value 3,Value 4,Value 5,Result
61.08073775,40.40346665,47.36782001,44.68379883,46.74462288,46.74462288
60.77769411,61.67852588,34.82794581,44.5547188,41.46393748,44.5547188
47.21783297,42.00540515,50.10901431,75.27885954,26.48083081,47.21783297
64.30221346,49.90399147,53.43011379,56.95356448,68.94886736,56.95356448
36.2991217,46.95123734,49.62927859,60.93351329,40.34632765,46.95123734
