Value 1,Value 2,Value 3,Value 4,Value 5,Result
56.64606432,32.96329977,67.1654392,59.50240064,58.6879254,13
52.86177055,66.99440872,52.26718839,39.95240276,40.30235358,11
36.65789462,37.50363375,51.5572823,48.21386609,47.79790869,7
34.94777174,52.35833113,62.45971362,66.92351361,51.612284,12
44.93936684,57.01703584,54.83239546,61.55385689,48.11195721,7
