value1,value2,value3,value4,value5,value6,value7,value8,value9,value10,result
49.04195533,61.0459041,50.46981654,55.93101959,46.09002543,50.20181687,55.93101959,46.53829832,56.12321855,56.99201337,55.93101959
48.88131583,46.84586101,34.26355887,50.66346502,46.84586101,47.40731482,46.84586101,57.69418875,50.40300847,50.16622153,46.84586101
61.05036063,52.58437467,50.40186023,61.05036063,45.15117679,61.05036063,56.52847802,61.05036063,50.08319603,50.22555469,61.05036063
56.08935125,50.78754283,52.7226406,46.82249836,52.7226406,52.3617531,46.64206598,47.54460873,47.59454568,53.73072453,52.7226406
