Value 1,Value 2,Value 3,Value 4,Value 5,Result
52.80363111,58.08124696,46.43570163,56.12635631,53.78281584,0.0245
50.62348136,47.1868192,53.77049219,58.31785201,53.80089205,0.0248
49.37651864,50.03021796,49.07112169,43.92431391,59.19567356,0.0267
51.81645419,53.71715032,46.94562121,29.49180397,65.9006504,0.0281
79.27408786,57.76399247,59.36868219,45.40270892,26.72894096,0.0183
